attribut,description,n_réseaux,assort_moyenne,assort_médiane,assort_min,assort_max,assort_std
student_fac,Statut étudiant/faculté,100,0.3232770834112748,0.3165059858860927,0.11024354478982251,0.5427689781929226,0.09247504493610968
major_index,Discipline principale,100,0.05550156292141251,0.05029801018816861,0.03040470033925192,0.15092610250617058,0.021387143528246246
degree,Degré des nœuds,100,0.06260924149537156,0.0646818742890711,-0.06617072568577184,0.196875828792776,0.052864738284487275
dorm,Résidence,100,0.2266919744222777,0.2213076913485027,0.07938989420660876,0.4846321590347197,0.0856719671135256
gender,Genre,100,0.05325083231321053,0.05503839522002511,-0.09224275567108435,0.24611964913119913,0.05090169860308319
