réseau,mean,median,max,std,min
Caltech36,43.70341207349082,37.0,248,36.956187636588275,1
MIT8,78.48484848484848,56.0,708,79.00514955822263,1
Johns Hopkins55,72.35679658716307,54.0,886,69.00684064288716,1
